model,variant,seed,partition,identifier,pooled_median_mae_kwh,equal_system_median_mae_kwh,weighted_interval_score_kwh,central_90_interval_coverage
chronos2,target_only,20261001,calibration,chronos2_target_only_d7_lr3em05_r8_n300_frozen_s20261001,77.13837967970365,68.81026085624104,70.44967789536489,0.9199017002186534
chronos2,target_only,20261001,test,chronos2_target_only_d7_lr3em05_r8_n300_frozen_s20261001,78.44185730266021,69.35620001823567,73.6228326325215,0.9254759964786095
chronos2,target_only,20261002,calibration,chronos2_target_only_d7_lr3em05_r8_n300_frozen_s20261002,77.56985700884836,69.20115129748277,70.67233330193062,0.9201114001357159
chronos2,target_only,20261002,test,chronos2_target_only_d7_lr3em05_r8_n300_frozen_s20261002,78.04051303079953,68.9937296294125,73.184538077688,0.9242409342923503
chronos2,target_only,20261003,calibration,chronos2_target_only_d7_lr3em05_r8_n300_frozen_s20261003,77.60887229047998,69.21551508143304,70.7969457819032,0.9163391578074342
chronos2,target_only,20261003,test,chronos2_target_only_d7_lr3em05_r8_n300_frozen_s20261003,78.13065129511146,69.12157114148097,73.32337227322839,0.9207289091181539
chronos2,target_only,20261004,calibration,chronos2_target_only_d7_lr3em05_r8_n300_frozen_s20261004,77.04382846781833,68.73503542040764,70.65531690240118,0.9212635715901379
chronos2,target_only,20261004,test,chronos2_target_only_d7_lr3em05_r8_n300_frozen_s20261004,78.14675730344291,69.1093146531929,73.55248666334403,0.9267286187907395
chronos2,target_only,20261005,calibration,chronos2_target_only_d7_lr3em05_r8_n300_frozen_s20261005,77.30361457429558,68.95090822630317,70.81780613283821,0.915528632285305
chronos2,target_only,20261005,test,chronos2_target_only_d7_lr3em05_r8_n300_frozen_s20261005,78.30429115685097,69.23296019416904,73.6658508746375,0.9183465853749906
chronos2,target_only,20261006,calibration,chronos2_target_only_d7_lr3em05_r8_n300_frozen_s20261006,78.04116622215068,69.54397712856695,71.33672536426458,0.917182669833371
chronos2,target_only,20261006,test,chronos2_target_only_d7_lr3em05_r8_n300_frozen_s20261006,78.32697657274159,69.24034757645215,73.67235036079087,0.9219768487300517
chronos2,target_only,20261007,calibration,chronos2_target_only_d7_lr3em05_r8_n300_frozen_s20261007,77.52947984435032,69.10769704987915,70.77245146547084,0.9219421510970369
chronos2,target_only,20261007,test,chronos2_target_only_d7_lr3em05_r8_n300_frozen_s20261007,78.63782778329191,69.49149464519573,73.72284306001994,0.9275984303588821
chronos2,target_only,20261008,calibration,chronos2_target_only_d7_lr3em05_r8_n300_frozen_s20261008,76.98478200209425,68.70694667618812,70.634539626289,0.9149419437532986
chronos2,target_only,20261008,test,chronos2_target_only_d7_lr3em05_r8_n300_frozen_s20261008,78.09054578079494,69.05401325817103,73.55937815159467,0.9214652637296771
chronos2,target_only,20261009,calibration,chronos2_target_only_d7_lr3em05_r8_n300_frozen_s20261009,77.31752683936514,68.98050932959094,71.0460100233097,0.9244891804267511
chronos2,target_only,20261009,test,chronos2_target_only_d7_lr3em05_r8_n300_frozen_s20261009,78.12023330395259,69.08353985243332,73.74059472783264,0.9292092792387803
chronos2,target_only,20261010,calibration,chronos2_target_only_d7_lr3em05_r8_n300_frozen_s20261010,77.28317662404639,68.93938311742363,70.80370927628493,0.922196618412124
chronos2,target_only,20261010,test,chronos2_target_only_d7_lr3em05_r8_n300_frozen_s20261010,78.14658161443167,69.11469416138709,73.47716586401506,0.9268960253240428
chronos2,target_only,20261011,calibration,chronos2_target_only_d7_lr3em05_r8_n300_frozen_s20261011,77.40716642282584,69.04209031623058,70.74890680958025,0.9196283834728192
chronos2,target_only,20261011,test,chronos2_target_only_d7_lr3em05_r8_n300_frozen_s20261011,77.86592963506502,68.85215188993723,73.26987408745984,0.9255134580804675
chronos2,target_only,20261012,calibration,chronos2_target_only_d7_lr3em05_r8_n300_frozen_s20261012,77.41806828735729,69.02946843800054,70.87672768901675,0.9211952424036794
chronos2,target_only,20261012,test,chronos2_target_only_d7_lr3em05_r8_n300_frozen_s20261012,78.46440068221314,69.37200494803106,73.63115137905089,0.9252676163182738
chronos2,target_only,20261013,calibration,chronos2_target_only_d7_lr3em05_r8_n300_frozen_s20261013,77.54875795467673,69.16910695588278,70.44379812922452,0.9124443941792958
chronos2,target_only,20261013,test,chronos2_target_only_d7_lr3em05_r8_n300_frozen_s20261013,78.48814221231267,69.38534562133162,73.51398926898797,0.9207698827451862
chronos2,target_only,20261014,calibration,chronos2_target_only_d7_lr3em05_r8_n300_frozen_s20261014,76.78153937816245,68.53932084120945,70.5831085915576,0.9188626253487144
chronos2,target_only,20261014,test,chronos2_target_only_d7_lr3em05_r8_n300_frozen_s20261014,78.34437755052086,69.29519470847048,73.75085388866957,0.9242795665692665
chronos2,target_only,20261015,calibration,chronos2_target_only_d7_lr3em05_r8_n300_frozen_s20261015,77.50545053366142,69.10094789897938,70.98838598441806,0.9147628741612003
chronos2,target_only,20261015,test,chronos2_target_only_d7_lr3em05_r8_n300_frozen_s20261015,79.29717223048827,70.11479884454135,74.27351996533767,0.9203812186259085
chronos2,target_only,20261016,calibration,chronos2_target_only_d7_lr3em05_r8_n300_frozen_s20261016,76.81330369038136,68.54253425558683,70.3283421641692,0.9137261554701048
chronos2,target_only,20261016,test,chronos2_target_only_d7_lr3em05_r8_n300_frozen_s20261016,78.63244238256763,69.55830661018058,73.70600281909137,0.9198532441747209
chronos2,target_only,20261017,calibration,chronos2_target_only_d7_lr3em05_r8_n300_frozen_s20261017,77.17242725569791,68.84751593559474,70.73429008176555,0.9223639071100053
chronos2,target_only,20261017,test,chronos2_target_only_d7_lr3em05_r8_n300_frozen_s20261017,78.05835624191758,69.03948084865303,73.4549532291537,0.9276054544092306
chronos2,target_only,20261018,calibration,chronos2_target_only_d7_lr3em05_r8_n300_frozen_s20261018,77.07052193228137,68.74484349785676,70.6517211905322,0.9179719897459097
chronos2,target_only,20261018,test,chronos2_target_only_d7_lr3em05_r8_n300_frozen_s20261018,78.21171537000839,69.1589113162577,73.50702019820298,0.9232130815913688
chronos2,target_only,20261019,calibration,chronos2_target_only_d7_lr3em05_r8_n300_frozen_s20261019,77.21252690481903,68.88852533611286,70.6853808480239,0.9226702103596471
chronos2,target_only,20261019,test,chronos2_target_only_d7_lr3em05_r8_n300_frozen_s20261019,78.05908600793943,69.02676232855869,73.41014448534189,0.9282797632426762
chronos2,target_only,20261020,calibration,chronos2_target_only_d7_lr3em05_r8_n300_frozen_s20261020,77.68299246435268,69.25104272295289,71.19192090620511,0.917802344869185
chronos2,target_only,20261020,test,chronos2_target_only_d7_lr3em05_r8_n300_frozen_s20261020,78.5466859728836,69.4651229635953,73.89848263489868,0.9198497321495467
chronos2,target_only,20261021,calibration,chronos2_target_only_d7_lr3em05_r8_n300_frozen_s20261021,77.23031865519256,68.9146659081318,70.5352031444836,0.9149607931840459
chronos2,target_only,20261021,test,chronos2_target_only_d7_lr3em05_r8_n300_frozen_s20261021,78.24822368433588,69.22504510926966,73.64818235229714,0.9206692046901925
chronos2,target_only,20261022,calibration,chronos2_target_only_d7_lr3em05_r8_n300_frozen_s20261022,77.86948228241066,69.42764798757037,71.10985691604122,0.9161412387845888
chronos2,target_only,20261022,test,chronos2_target_only_d7_lr3em05_r8_n300_frozen_s20261022,78.55267439017037,69.47794014434186,73.71106034267186,0.9204772139806698
chronos2,target_only,20261023,calibration,chronos2_target_only_d7_lr3em05_r8_n300_frozen_s20261023,77.2998343774242,68.93876186852714,70.76869130874476,0.9158891276483451
chronos2,target_only,20261023,test,chronos2_target_only_d7_lr3em05_r8_n300_frozen_s20261023,77.8908721757762,68.85221869958971,73.14916454431835,0.9220037742563872
chronos2,target_only,20261024,calibration,chronos2_target_only_d7_lr3em05_r8_n300_frozen_s20261024,77.06956540520753,68.75136221797345,70.57969075560374,0.9188155017718465
chronos2,target_only,20261024,test,chronos2_target_only_d7_lr3em05_r8_n300_frozen_s20261024,78.4123359450372,69.32392470646762,73.7449772743349,0.9239798737544017
chronos2,target_only,20261025,calibration,chronos2_target_only_d7_lr3em05_r8_n300_frozen_s20261025,76.91504671836759,68.6465807508059,70.49638369878576,0.9197438362361456
chronos2,target_only,20261025,test,chronos2_target_only_d7_lr3em05_r8_n300_frozen_s20261025,78.16300715875813,69.12236831862386,73.501748690567,0.923574820184311
chronos2,target_only,20261026,calibration,chronos2_target_only_d7_lr3em05_r8_n300_frozen_s20261026,77.13676634292311,68.81117968597792,70.66639599426593,0.9193668476212018
chronos2,target_only,20261026,test,chronos2_target_only_d7_lr3em05_r8_n300_frozen_s20261026,78.11629927656361,69.08020960700443,73.42230438879673,0.9242303982168277
chronos2,target_only,20261027,calibration,chronos2_target_only_d7_lr3em05_r8_n300_frozen_s20261027,76.99836310814135,68.65361776056106,70.57252033143469,0.9124703121465731
chronos2,target_only,20261027,test,chronos2_target_only_d7_lr3em05_r8_n300_frozen_s20261027,78.0177295639319,68.99267401164995,73.27980370188095,0.9165531111860343
chronos2,target_only,20261028,calibration,chronos2_target_only_d7_lr3em05_r8_n300_frozen_s20261028,77.41135397093059,69.05982570921293,70.6580587863672,0.9192702442886225
chronos2,target_only,20261028,test,chronos2_target_only_d7_lr3em05_r8_n300_frozen_s20261028,78.13587927390358,69.09802485037314,73.44918113834062,0.9240512849329438
chronos2,target_only,20261029,calibration,chronos2_target_only_d7_lr3em05_r8_n300_frozen_s20261029,76.59020760873787,68.38483188526433,70.3618218911544,0.9210538716730755
chronos2,target_only,20261029,test,chronos2_target_only_d7_lr3em05_r8_n300_frozen_s20261029,78.31844515675836,69.25484106969442,73.5428329668669,0.9246178916610475
chronos2,target_only,20261030,calibration,chronos2_target_only_d7_lr3em05_r8_n300_frozen_s20261030,77.04633211899426,68.73639530367723,70.68231882018698,0.9186246512855312
chronos2,target_only,20261030,test,chronos2_target_only_d7_lr3em05_r8_n300_frozen_s20261030,78.70846407341168,69.6083701899252,73.79023853027961,0.9234917022551884
chronos2,target_only,20261031,calibration,chronos2_target_only_d7_lr3em05_r8_n300_frozen_s20261031,77.79569020969068,69.37300736494136,70.95698271178705,0.9245999208323908
chronos2,target_only,20261031,test,chronos2_target_only_d7_lr3em05_r8_n300_frozen_s20261031,77.88831870086219,68.87049320495157,73.48028412211914,0.9292994212182513
chronos2,target_only,20261032,calibration,chronos2_target_only_d7_lr3em05_r8_n300_frozen_s20261032,77.10738164442644,68.80091453988864,70.79327687462333,0.9232286247455327
chronos2,target_only,20261032,test,chronos2_target_only_d7_lr3em05_r8_n300_frozen_s20261032,78.09450483052787,69.05492210772962,73.4921885705189,0.9269803139282236
chronos2,vendor_covariate,20261001,calibration,chronos2_vendor_covariate_d7_lr3em05_r8_n300_frozen_s20261001,49.520100342389995,45.194601182902645,47.03394675840845,0.8928881097790847
chronos2,vendor_covariate,20261001,test,chronos2_vendor_covariate_d7_lr3em05_r8_n300_frozen_s20261001,61.3353719967808,54.14378296735019,57.94726523915392,0.9052525848505282
chronos2,vendor_covariate,20261002,calibration,chronos2_vendor_covariate_d7_lr3em05_r8_n300_frozen_s20261002,49.116843118704175,44.860775914082204,46.57601999248401,0.8896012402925432
chronos2,vendor_covariate,20261002,test,chronos2_vendor_covariate_d7_lr3em05_r8_n300_frozen_s20261002,61.20493843386065,54.0235799008837,57.67826538595746,0.9054480875852251
chronos2,vendor_covariate,20261003,calibration,chronos2_vendor_covariate_d7_lr3em05_r8_n300_frozen_s20261003,49.123342783731665,44.8765743593645,46.59381214730514,0.893510140993742
chronos2,vendor_covariate,20261003,test,chronos2_vendor_covariate_d7_lr3em05_r8_n300_frozen_s20261003,61.377230408089765,54.17633232560152,57.883548582198166,0.9075927642916011
chronos2,vendor_covariate,20261004,calibration,chronos2_vendor_covariate_d7_lr3em05_r8_n300_frozen_s20261004,48.87854712789803,44.68804954104131,46.42333766432552,0.8856145856895121
chronos2,vendor_covariate,20261004,test,chronos2_vendor_covariate_d7_lr3em05_r8_n300_frozen_s20261004,61.525847511657496,54.3020992463465,57.98315004944514,0.9004188675357758
chronos2,vendor_covariate,20261005,calibration,chronos2_vendor_covariate_d7_lr3em05_r8_n300_frozen_s20261005,49.423112029079824,45.1092757000299,46.88265968857636,0.8857606687778029
chronos2,vendor_covariate,20261005,test,chronos2_vendor_covariate_d7_lr3em05_r8_n300_frozen_s20261005,61.2678680271562,54.082771895866045,57.91935992454993,0.8983795515846258
chronos2,vendor_covariate,20261006,calibration,chronos2_vendor_covariate_d7_lr3em05_r8_n300_frozen_s20261006,48.91874566600258,44.69181855512093,46.702081311919976,0.886458097715449
chronos2,vendor_covariate,20261006,test,chronos2_vendor_covariate_d7_lr3em05_r8_n300_frozen_s20261006,61.4370688393111,54.217887811173505,58.13624241871729,0.8980587866187159
chronos2,vendor_covariate,20261007,calibration,chronos2_vendor_covariate_d7_lr3em05_r8_n300_frozen_s20261007,49.00737092449854,44.77822291716185,46.538595428904856,0.8933852635150419
chronos2,vendor_covariate,20261007,test,chronos2_vendor_covariate_d7_lr3em05_r8_n300_frozen_s20261007,61.23757804433282,54.05559952109333,57.77272598271393,0.9065321326889938
chronos2,vendor_covariate,20261008,calibration,chronos2_vendor_covariate_d7_lr3em05_r8_n300_frozen_s20261008,49.27836672311333,45.015960889685594,46.905193476356935,0.893043617582749
chronos2,vendor_covariate,20261008,test,chronos2_vendor_covariate_d7_lr3em05_r8_n300_frozen_s20261008,61.60769236685509,54.37224437952167,58.19965707495923,0.906391651682026
chronos2,vendor_covariate,20261009,calibration,chronos2_vendor_covariate_d7_lr3em05_r8_n300_frozen_s20261009,49.207375644084486,44.932811790328174,46.83441160754152,0.8957202367488502
chronos2,vendor_covariate,20261009,test,chronos2_vendor_covariate_d7_lr3em05_r8_n300_frozen_s20261009,61.271115535591456,54.07864855310984,57.9373482626474,0.9091720049449314
chronos2,vendor_covariate,20261010,calibration,chronos2_vendor_covariate_d7_lr3em05_r8_n300_frozen_s20261010,49.31355556561752,45.015223992819756,47.18811666111683,0.9026356216542261
chronos2,vendor_covariate,20261010,test,chronos2_vendor_covariate_d7_lr3em05_r8_n300_frozen_s20261010,61.21158257541833,54.0322348136549,58.10908430633393,0.9137680752228965
chronos2,vendor_covariate,20261011,calibration,chronos2_vendor_covariate_d7_lr3em05_r8_n300_frozen_s20261011,48.91972708710751,44.70409277048522,46.623422946018565,0.8941792957852673
chronos2,vendor_covariate,20261011,test,chronos2_vendor_covariate_d7_lr3em05_r8_n300_frozen_s20261011,61.15282195629005,53.970319712379265,57.87322609630522,0.9067838278264778
chronos2,vendor_covariate,20261012,calibration,chronos2_vendor_covariate_d7_lr3em05_r8_n300_frozen_s20261012,49.56493417313261,45.243309812507015,47.381824284008175,0.9010216391464978
chronos2,vendor_covariate,20261012,test,chronos2_vendor_covariate_d7_lr3em05_r8_n300_frozen_s20261012,61.49558904624777,54.280911480056105,58.390712145700604,0.9147455888963812
chronos2,vendor_covariate,20261013,calibration,chronos2_vendor_covariate_d7_lr3em05_r8_n300_frozen_s20261013,49.07383618249084,44.835288699481055,46.49684484332211,0.8883642463997588
chronos2,vendor_covariate,20261013,test,chronos2_vendor_covariate_d7_lr3em05_r8_n300_frozen_s20261013,61.487314045129466,54.25541007215547,57.96508116507525,0.9018377257061512
chronos2,vendor_covariate,20261014,calibration,chronos2_vendor_covariate_d7_lr3em05_r8_n300_frozen_s20261014,49.33757703501233,45.036881431739445,46.77030537142993,0.8900088592324512
chronos2,vendor_covariate,20261014,test,chronos2_vendor_covariate_d7_lr3em05_r8_n300_frozen_s20261014,61.2237863956644,54.03521120865781,57.76478757068119,0.9030224488649135
chronos2,vendor_covariate,20261015,calibration,chronos2_vendor_covariate_d7_lr3em05_r8_n300_frozen_s20261015,48.929544793493115,44.70761187722502,46.676562002288385,0.8958451142275503
chronos2,vendor_covariate,20261015,test,chronos2_vendor_covariate_d7_lr3em05_r8_n300_frozen_s20261015,61.32127132255525,54.118822011877924,58.01416050624006,0.9085456937888664
chronos2,vendor_covariate,20261016,calibration,chronos2_vendor_covariate_d7_lr3em05_r8_n300_frozen_s20261016,49.165266949669316,44.8834344261472,47.23031679898805,0.9088135225816181
chronos2,vendor_covariate,20261016,test,chronos2_vendor_covariate_d7_lr3em05_r8_n300_frozen_s20261016,61.13413521228912,53.964693439060625,58.27662875245475,0.9200885498613921
chronos2,vendor_covariate,20261017,calibration,chronos2_vendor_covariate_d7_lr3em05_r8_n300_frozen_s20261017,49.11797267946145,44.854685049367085,46.62117928651655,0.889547048179145
chronos2,vendor_covariate,20261017,test,chronos2_vendor_covariate_d7_lr3em05_r8_n300_frozen_s20261017,61.20623341444664,54.02536160647683,57.719432117005645,0.9036955870233011
chronos2,vendor_covariate,20261018,calibration,chronos2_vendor_covariate_d7_lr3em05_r8_n300_frozen_s20261018,49.097577320158486,44.85002562102057,46.613277686689244,0.8856617092663801
chronos2,vendor_covariate,20261018,test,chronos2_vendor_covariate_d7_lr3em05_r8_n300_frozen_s20261018,61.24273985093853,54.05942930546229,57.8960358560214,0.8992856540795684
chronos2,vendor_covariate,20261019,calibration,chronos2_vendor_covariate_d7_lr3em05_r8_n300_frozen_s20261019,49.14296586655168,44.89777219811033,46.63263716572739,0.8909960981678353
chronos2,vendor_covariate,20261019,test,chronos2_vendor_covariate_d7_lr3em05_r8_n300_frozen_s20261019,61.33296302573334,54.13380854590778,57.864289761440205,0.904943526635199
chronos2,vendor_covariate,20261020,calibration,chronos2_vendor_covariate_d7_lr3em05_r8_n300_frozen_s20261020,49.0855637327405,44.85258402279238,46.60671055193561,0.8831311731885697
chronos2,vendor_covariate,20261020,test,chronos2_vendor_covariate_d7_lr3em05_r8_n300_frozen_s20261020,61.28945769340861,54.10793738808695,57.82301791907208,0.8978796733348318
chronos2,vendor_covariate,20261021,calibration,chronos2_vendor_covariate_d7_lr3em05_r8_n300_frozen_s20261021,49.615445996220174,45.277601869650326,46.95745700117983,0.8871319648646611
chronos2,vendor_covariate,20261021,test,chronos2_vendor_covariate_d7_lr3em05_r8_n300_frozen_s20261021,61.347189325261695,54.15298276546804,57.815017929504954,0.9002210234509628
chronos2,vendor_covariate,20261022,calibration,chronos2_vendor_covariate_d7_lr3em05_r8_n300_frozen_s20261022,48.98791392221344,44.772208469144,46.500156701398,0.893870636356782
chronos2,vendor_covariate,20261022,test,chronos2_vendor_covariate_d7_lr3em05_r8_n300_frozen_s20261022,61.48503611514796,54.26864683109289,57.91229444872422,0.9056459316700383
chronos2,vendor_covariate,20261023,calibration,chronos2_vendor_covariate_d7_lr3em05_r8_n300_frozen_s20261023,49.275451019587635,44.99696088568863,46.82743701546614,0.8939955138354821
chronos2,vendor_covariate,20261023,test,chronos2_vendor_covariate_d7_lr3em05_r8_n300_frozen_s20261023,61.41157221121527,54.20700034979378,57.98277194448111,0.9058718719562449
chronos2,vendor_covariate,20261024,calibration,chronos2_vendor_covariate_d7_lr3em05_r8_n300_frozen_s20261024,49.18653521208203,44.926669916187286,46.853065330682114,0.8937811015607329
chronos2,vendor_covariate,20261024,test,chronos2_vendor_covariate_d7_lr3em05_r8_n300_frozen_s20261024,61.41797605864373,54.21573925416092,58.07251095185638,0.9050840076421668
chronos2,vendor_covariate,20261025,calibration,chronos2_vendor_covariate_d7_lr3em05_r8_n300_frozen_s20261025,49.3490143585493,45.05830482587884,46.893002228450946,0.8962150343059639
chronos2,vendor_covariate,20261025,test,chronos2_vendor_covariate_d7_lr3em05_r8_n300_frozen_s20261025,61.274313132941586,54.08817801691469,57.86208195627013,0.9081371281936016
chronos2,vendor_covariate,20261026,calibration,chronos2_vendor_covariate_d7_lr3em05_r8_n300_frozen_s20261026,49.2444832437382,44.96632138840484,46.833307483004106,0.8958969501621051
chronos2,vendor_covariate,20261026,test,chronos2_vendor_covariate_d7_lr3em05_r8_n300_frozen_s20261026,61.37015193182081,54.164214125081635,57.98794739407489,0.9077566587997303
chronos2,vendor_covariate,20261027,calibration,chronos2_vendor_covariate_d7_lr3em05_r8_n300_frozen_s20261027,49.08153463753601,44.84544073007825,46.575012742155366,0.890817028575737
chronos2,vendor_covariate,20261027,test,chronos2_vendor_covariate_d7_lr3em05_r8_n300_frozen_s20261027,61.46078262697479,54.24208402398009,58.03655493811957,0.9045431557653405
chronos2,vendor_covariate,20261028,calibration,chronos2_vendor_covariate_d7_lr3em05_r8_n300_frozen_s20261028,49.35527411556695,45.073361719003145,46.6702220324873,0.8833832843248134
chronos2,vendor_covariate,20261028,test,chronos2_vendor_covariate_d7_lr3em05_r8_n300_frozen_s20261028,61.41395667329128,54.20981035239955,57.88230960815286,0.8970730782198246
chronos2,vendor_covariate,20261029,calibration,chronos2_vendor_covariate_d7_lr3em05_r8_n300_frozen_s20261029,49.21472794121355,44.94156689274985,46.864472650539824,0.9013467918268868
chronos2,vendor_covariate,20261029,test,chronos2_vendor_covariate_d7_lr3em05_r8_n300_frozen_s20261029,61.29346262794591,54.09941375158759,57.9841583716456,0.9143417060013486
chronos2,vendor_covariate,20261030,calibration,chronos2_vendor_covariate_d7_lr3em05_r8_n300_frozen_s20261030,49.638020133242435,45.30097065444873,47.32839161850472,0.8923296953931992
chronos2,vendor_covariate,20261030,test,chronos2_vendor_covariate_d7_lr3em05_r8_n300_frozen_s20261030,61.30410960428688,54.12239329452084,58.11767837430714,0.9033080935790815
chronos2,vendor_covariate,20261031,calibration,chronos2_vendor_covariate_d7_lr3em05_r8_n300_frozen_s20261031,49.23227227334151,44.96995205319769,46.779154486360234,0.8944950237502828
chronos2,vendor_covariate,20261031,test,chronos2_vendor_covariate_d7_lr3em05_r8_n300_frozen_s20261031,61.42766570601199,54.21143116393019,58.02047779870885,0.9071385423690717
chronos2,vendor_covariate,20261032,calibration,chronos2_vendor_covariate_d7_lr3em05_r8_n300_frozen_s20261032,49.330383508602864,45.04282901638263,46.86339820056836,0.8921788999472215
chronos2,vendor_covariate,20261032,test,chronos2_vendor_covariate_d7_lr3em05_r8_n300_frozen_s20261032,61.33172610063951,54.13959084220349,57.92969119874423,0.9048405072300891
moirai2,target_only,20261001,calibration,moirai2_target_only_d7_lr1em05_full_n200_frozen_s20261001,76.9461413296144,69.1253716087417,71.65212480547886,0.8380433348412878
moirai2,target_only,20261001,test,moirai2_target_only_d7_lr1em05_full_n200_frozen_s20261001,88.27192076311218,78.15180186000426,81.00097766013718,0.8666238199595415
moirai2,target_only,20261002,calibration,moirai2_target_only_d7_lr1em05_full_n200_frozen_s20261002,76.40921498735858,68.78985985000598,71.19182225938626,0.849833653773656
moirai2,target_only,20261002,test,moirai2_target_only_d7_lr1em05_full_n200_frozen_s20261002,89.43770395102196,79.1870683334396,81.92882473412622,0.8749964879748258
moirai2,target_only,20261003,calibration,moirai2_target_only_d7_lr1em05_full_n200_frozen_s20261003,78.35619757567454,70.21159654672354,72.23493745030872,0.8706881927165799
moirai2,target_only,20261003,test,moirai2_target_only_d7_lr1em05_full_n200_frozen_s20261003,87.94658914899723,77.8672205120468,80.47988149660397,0.8943922323368547
moirai2,target_only,20261004,calibration,moirai2_target_only_d7_lr1em05_full_n200_frozen_s20261004,75.57139370609421,68.02695641431653,70.81162813830939,0.8520036944884265
moirai2,target_only,20261004,test,moirai2_target_only_d7_lr1em05_full_n200_frozen_s20261004,88.82693285238624,78.5567915301091,81.23056071016617,0.8832345283584326
moirai2,target_only,20261005,calibration,moirai2_target_only_d7_lr1em05_full_n200_frozen_s20261005,77.5559737763071,69.86082301933149,72.24853016455677,0.8796181105330619
moirai2,target_only,20261005,test,moirai2_target_only_d7_lr1em05_full_n200_frozen_s20261005,90.77798804767782,80.581402903344,83.0799379206327,0.9006869521240728
moirai2,target_only,20261006,calibration,moirai2_target_only_d7_lr1em05_full_n200_frozen_s20261006,74.69852554734285,67.04335204774335,69.42458209004732,0.8757445525145141
moirai2,target_only,20261006,test,moirai2_target_only_d7_lr1em05_full_n200_frozen_s20261006,85.47546808394615,75.57479508914166,78.50238387681273,0.8977813366299543
moirai2,target_only,20261007,calibration,moirai2_target_only_d7_lr1em05_full_n200_frozen_s20261007,75.11223372522242,67.61404017587952,70.13929902596176,0.8351499472215939
moirai2,target_only,20261007,test,moirai2_target_only_d7_lr1em05_full_n200_frozen_s20261007,86.94879535004115,77.18954188258421,79.473662819084,0.8651581347868434
moirai2,target_only,20261008,calibration,moirai2_target_only_d7_lr1em05_full_n200_frozen_s20261008,78.23781554057429,70.54533830981491,72.45965384154424,0.8486060845962452
moirai2,target_only,20261008,test,moirai2_target_only_d7_lr1em05_full_n200_frozen_s20261008,93.52986494285332,82.97674303649028,84.57642366427953,0.8777030887090732
moirai2,target_only,20261009,calibration,moirai2_target_only_d7_lr1em05_full_n200_frozen_s20261009,77.87553178983237,69.9886989019649,72.39782212039154,0.8629316519641107
moirai2,target_only,20261009,test,moirai2_target_only_d7_lr1em05_full_n200_frozen_s20261009,90.37389625209497,80.10341617639774,82.88681664218295,0.8910956113733424
moirai2,target_only,20261010,calibration,moirai2_target_only_d7_lr1em05_full_n200_frozen_s20261010,76.1264644068729,68.26068112277387,70.34342811750344,0.8622554286360552
moirai2,target_only,20261010,test,moirai2_target_only_d7_lr1em05_full_n200_frozen_s20261010,85.65210619705569,75.9415333236732,78.62982607626667,0.8846557278789241
moirai2,target_only,20261011,calibration,moirai2_target_only_d7_lr1em05_full_n200_frozen_s20261011,76.03921007644689,68.32026872968461,71.25764744601234,0.8269952122445902
moirai2,target_only,20261011,test,moirai2_target_only_d7_lr1em05_full_n200_frozen_s20261011,88.81197896231939,78.51047813600955,81.27873332870239,0.8620476511575635
moirai2,target_only,20261012,calibration,moirai2_target_only_d7_lr1em05_full_n200_frozen_s20261012,79.59655531132834,71.55446867591269,73.66531058379876,0.8544329148759707
moirai2,target_only,20261012,test,moirai2_target_only_d7_lr1em05_full_n200_frozen_s20261012,91.91719238698413,81.67131827748459,83.61917991980388,0.8834534445942909
moirai2,target_only,20261013,calibration,moirai2_target_only_d7_lr1em05_full_n200_frozen_s20261013,75.87576631791735,68.33775710094801,70.72479120224422,0.8251644612832693
moirai2,target_only,20261013,test,moirai2_target_only_d7_lr1em05_full_n200_frozen_s20261013,91.06033174431614,80.61731583298834,82.98315718708844,0.858193788866412
moirai2,target_only,20261014,calibration,moirai2_target_only_d7_lr1em05_full_n200_frozen_s20261014,77.08712836528822,69.25073561708975,71.40563735422478,0.8611268189700672
moirai2,target_only,20261014,test,moirai2_target_only_d7_lr1em05_full_n200_frozen_s20261014,88.16972562941187,78.23112219305686,80.75383907310707,0.886424617891661
moirai2,target_only,20261015,calibration,moirai2_target_only_d7_lr1em05_full_n200_frozen_s20261015,74.82933606108823,67.14634208604448,69.30985519953715,0.8669819233959134
moirai2,target_only,20261015,test,moirai2_target_only_d7_lr1em05_full_n200_frozen_s20261015,83.50154910597723,73.90949850873396,76.77799273098255,0.8904177905147224
moirai2,target_only,20261016,calibration,moirai2_target_only_d7_lr1em05_full_n200_frozen_s20261016,78.19352346381731,70.30069989800839,72.20463509295742,0.8154546482696222
moirai2,target_only,20261016,test,moirai2_target_only_d7_lr1em05_full_n200_frozen_s20261016,88.7498503801889,78.62237335081655,81.07664453233524,0.8507962931744961
moirai2,target_only,20261017,calibration,moirai2_target_only_d7_lr1em05_full_n200_frozen_s20261017,76.25975019503403,68.80786626928762,70.84542578332726,0.8413302043278293
moirai2,target_only,20261017,test,moirai2_target_only_d7_lr1em05_full_n200_frozen_s20261017,92.36655457999798,81.83637713284679,83.92589660823582,0.8687474245148723
moirai2,target_only,20261018,calibration,moirai2_target_only_d7_lr1em05_full_n200_frozen_s20261018,76.81259713818794,68.9186859097512,71.49614080298993,0.8670785267284928
moirai2,target_only,20261018,test,moirai2_target_only_d7_lr1em05_full_n200_frozen_s20261018,86.46683772080311,76.54903783425897,79.28405657288816,0.8944706675657451
moirai2,target_only,20261019,calibration,moirai2_target_only_d7_lr1em05_full_n200_frozen_s20261019,75.4614786949075,67.84968566886576,70.1251435275593,0.8615415064465053
moirai2,target_only,20261019,test,moirai2_target_only_d7_lr1em05_full_n200_frozen_s20261019,87.90813594585522,77.77309930740832,80.45117316994684,0.882294476286806
moirai2,target_only,20261020,calibration,moirai2_target_only_d7_lr1em05_full_n200_frozen_s20261020,76.61850705643577,68.7337478365541,71.60976360367324,0.8205392822136771
moirai2,target_only,20261020,test,moirai2_target_only_d7_lr1em05_full_n200_frozen_s20261020,86.33264652731496,76.33293789371035,79.7563358937005,0.8586655709148123
moirai2,target_only,20261021,calibration,moirai2_target_only_d7_lr1em05_full_n200_frozen_s20261021,78.59304175433216,70.62228212207098,72.8239654623216,0.837140918344266
moirai2,target_only,20261021,test,moirai2_target_only_d7_lr1em05_full_n200_frozen_s20261021,91.80523439895344,81.20065357898379,83.7512419912766,0.8626306473364801
moirai2,target_only,20261022,calibration,moirai2_target_only_d7_lr1em05_full_n200_frozen_s20261022,74.58057884164539,67.2214430378332,70.03942736885364,0.8487121126441981
moirai2,target_only,20261022,test,moirai2_target_only_d7_lr1em05_full_n200_frozen_s20261022,88.93944540501029,78.70132692441501,81.53458412700529,0.8789814658724807
moirai2,target_only,20261023,calibration,moirai2_target_only_d7_lr1em05_full_n200_frozen_s20261023,77.71595246397055,69.63729958649762,71.98621937513555,0.8500174357234411
moirai2,target_only,20261023,test,moirai2_target_only_d7_lr1em05_full_n200_frozen_s20261023,86.64045610711194,76.75492519768518,79.80586783131184,0.8832649659099423
moirai2,target_only,20261024,calibration,moirai2_target_only_d7_lr1em05_full_n200_frozen_s20261024,77.44909229956424,69.45592387898648,72.2214535270164,0.8229496531704743
moirai2,target_only,20261024,test,moirai2_target_only_d7_lr1em05_full_n200_frozen_s20261024,88.11657040008049,78.00648936883569,80.98522362235926,0.8530709148123173
moirai2,target_only,20261025,calibration,moirai2_target_only_d7_lr1em05_full_n200_frozen_s20261025,76.12550321004254,68.762270004385,70.75941789580469,0.8406704742516776
moirai2,target_only,20261025,test,moirai2_target_only_d7_lr1em05_full_n200_frozen_s20261025,92.09949550835941,81.6202987275876,83.9153783790491,0.8664107570989735
moirai2,target_only,20261026,calibration,moirai2_target_only_d7_lr1em05_full_n200_frozen_s20261026,79.52901763232099,71.59465166150316,73.65037721779414,0.8693687325642766
moirai2,target_only,20261026,test,moirai2_target_only_d7_lr1em05_full_n200_frozen_s20261026,93.49261237709385,82.92393508240862,85.05181560525527,0.885119315201918
moirai2,target_only,20261027,calibration,moirai2_target_only_d7_lr1em05_full_n200_frozen_s20261027,76.66946827020523,69.05571573307847,71.67448781101378,0.8676817085124029
moirai2,target_only,20261027,test,moirai2_target_only_d7_lr1em05_full_n200_frozen_s20261027,92.22006768069892,81.5349271378048,84.24316577203098,0.8945596388701581
moirai2,target_only,20261028,calibration,moirai2_target_only_d7_lr1em05_full_n200_frozen_s20261028,74.82288000434957,67.1631150818551,69.95055616435161,0.8650757747116037
moirai2,target_only,20261028,test,moirai2_target_only_d7_lr1em05_full_n200_frozen_s20261028,85.71492051677092,75.79064849945273,78.7395937289688,0.8913332584101297
moirai2,target_only,20261029,calibration,moirai2_target_only_d7_lr1em05_full_n200_frozen_s20261029,76.06636266047863,68.67517653387723,70.34987387654859,0.8682424790771319
moirai2,target_only,20261029,test,moirai2_target_only_d7_lr1em05_full_n200_frozen_s20261029,91.14462232093688,80.90083951983802,82.76606768871875,0.8892108245298569
moirai2,target_only,20261030,calibration,moirai2_target_only_d7_lr1em05_full_n200_frozen_s20261030,77.61642692311717,69.58088077386158,72.20524463804719,0.8466881550177184
moirai2,target_only,20261030,test,moirai2_target_only_d7_lr1em05_full_n200_frozen_s20261030,87.2661006821263,77.21646884080086,80.10341459220419,0.8731292612572114
moirai2,target_only,20261031,calibration,moirai2_target_only_d7_lr1em05_full_n200_frozen_s20261031,76.63407080943081,68.56012491923889,71.34142681400775,0.8587918457362588
moirai2,target_only,20261031,test,moirai2_target_only_d7_lr1em05_full_n200_frozen_s20261031,83.69738993016057,74.08258231364171,77.4470023430696,0.8900162489698059
moirai2,target_only,20261032,calibration,moirai2_target_only_d7_lr1em05_full_n200_frozen_s20261032,79.88931630562931,71.65389285441138,75.38686703407127,0.8866348111287039
moirai2,target_only,20261032,test,moirai2_target_only_d7_lr1em05_full_n200_frozen_s20261032,89.26342433652881,78.80161611062356,82.60059081790482,0.9130832303139282
moirai2,vendor_covariate,20261001,calibration,moirai2_vendor_covariate_d7_lr1em05_full_n200_frozen_s20261001,79.58560717670649,71.25397178095609,74.07354283520213,0.8912929767021036
moirai2,vendor_covariate,20261001,test,moirai2_vendor_covariate_d7_lr1em05_full_n200_frozen_s20261001,86.24287541243784,76.4801887354855,80.30379494639728,0.9095735464898479
moirai2,vendor_covariate,20261002,calibration,moirai2_vendor_covariate_d7_lr1em05_full_n200_frozen_s20261002,81.87289594508958,73.23837214206803,76.91065100103395,0.8776671944507276
moirai2,vendor_covariate,20261002,test,moirai2_vendor_covariate_d7_lr1em05_full_n200_frozen_s20261002,85.05771250396994,75.48057824524003,80.07120255993598,0.8916095377238331
moirai2,vendor_covariate,20261003,calibration,moirai2_vendor_covariate_d7_lr1em05_full_n200_frozen_s20261003,82.64919971193994,73.88334861992826,77.14917485580452,0.8791610118374426
moirai2,vendor_covariate,20261003,test,moirai2_vendor_covariate_d7_lr1em05_full_n200_frozen_s20261003,83.76659466050671,74.45563105304066,79.05870083992198,0.8863496946879449
moirai2,vendor_covariate,20261004,calibration,moirai2_vendor_covariate_d7_lr1em05_full_n200_frozen_s20261004,78.2935305753828,70.35380776988679,73.43362154753423,0.8500386413330318
moirai2,vendor_covariate,20261004,test,moirai2_vendor_covariate_d7_lr1em05_full_n200_frozen_s20261004,89.34478229392607,79.15595787049507,82.44345860692509,0.8664212931744961
moirai2,vendor_covariate,20261005,calibration,moirai2_vendor_covariate_d7_lr1em05_full_n200_frozen_s20261005,81.96421740959128,73.25892713374893,76.50105717595362,0.8658863002337329
moirai2,vendor_covariate,20261005,test,moirai2_vendor_covariate_d7_lr1em05_full_n200_frozen_s20261005,87.2183442306992,77.39924492510987,81.54302684933128,0.8811366786543793
moirai2,vendor_covariate,20261006,calibration,moirai2_vendor_covariate_d7_lr1em05_full_n200_frozen_s20261006,78.72255357823586,70.45756319126897,73.22906482602997,0.8139726117771243
moirai2,vendor_covariate,20261006,test,moirai2_vendor_covariate_d7_lr1em05_full_n200_frozen_s20261006,85.55824570933905,75.86145742076279,79.18703286139866,0.8376496122724207
moirai2,vendor_covariate,20261007,calibration,moirai2_vendor_covariate_d7_lr1em05_full_n200_frozen_s20261007,80.06224937491689,71.77270495222177,73.84764597860215,0.86889278443791
moirai2,vendor_covariate,20261007,test,moirai2_vendor_covariate_d7_lr1em05_full_n200_frozen_s20261007,88.81501474290683,78.82364337340162,81.38393516798462,0.8832157975575036
moirai2,vendor_covariate,20261008,calibration,moirai2_vendor_covariate_d7_lr1em05_full_n200_frozen_s20261008,80.44649075226612,72.06479674989363,74.6377759329638,0.8505805624670135
moirai2,vendor_covariate,20261008,test,moirai2_vendor_covariate_d7_lr1em05_full_n200_frozen_s20261008,87.59511073899877,77.83355326063968,81.50791599752355,0.8642098879898105
moirai2,vendor_covariate,20261009,calibration,moirai2_vendor_covariate_d7_lr1em05_full_n200_frozen_s20261009,81.1064307772279,72.63980904983137,75.43405215932127,0.8404513496192415
moirai2,vendor_covariate,20261009,test,moirai2_vendor_covariate_d7_lr1em05_full_n200_frozen_s20261009,89.15253061645474,79.11946935459196,82.6472846212077,0.8565419663594815
moirai2,vendor_covariate,20261010,calibration,moirai2_vendor_covariate_d7_lr1em05_full_n200_frozen_s20261010,80.38934952597316,71.95392201517927,75.37991871906593,0.8488181406921511
moirai2,vendor_covariate,20261010,test,moirai2_vendor_covariate_d7_lr1em05_full_n200_frozen_s20261010,85.44091487930679,75.85858581362226,79.5640129712622,0.8655444575560051
moirai2,vendor_covariate,20261011,calibration,moirai2_vendor_covariate_d7_lr1em05_full_n200_frozen_s20261011,80.49639218100555,72.04628633540892,75.72921250457196,0.8159989255824475
moirai2,vendor_covariate,20261011,test,moirai2_vendor_covariate_d7_lr1em05_full_n200_frozen_s20261011,86.03811736845644,76.34334665668058,80.41083705716817,0.8362319247771035
moirai2,vendor_covariate,20261012,calibration,moirai2_vendor_covariate_d7_lr1em05_full_n200_frozen_s20261012,80.19077253714649,71.86095896272415,74.48633311877416,0.8512049498605142
moirai2,vendor_covariate,20261012,test,moirai2_vendor_covariate_d7_lr1em05_full_n200_frozen_s20261012,87.4660166139688,77.73330856631729,81.43122065023017,0.8699859987263056
moirai2,vendor_covariate,20261013,calibration,moirai2_vendor_covariate_d7_lr1em05_full_n200_frozen_s20261013,81.29632767951391,72.91377864063716,75.5793853275879,0.8318654339138958
moirai2,vendor_covariate,20261013,test,moirai2_vendor_covariate_d7_lr1em05_full_n200_frozen_s20261013,89.90900769867064,79.78633360798683,82.92380315054687,0.8541807147673635
moirai2,vendor_covariate,20261014,calibration,moirai2_vendor_covariate_d7_lr1em05_full_n200_frozen_s20261014,80.20524865481211,71.79177481905839,73.83762077616257,0.8610844077508859
moirai2,vendor_covariate,20261014,test,moirai2_vendor_covariate_d7_lr1em05_full_n200_frozen_s20261014,87.78856208965126,77.88098575885981,80.72030215449514,0.878487440997977
moirai2,vendor_covariate,20261015,calibration,moirai2_vendor_covariate_d7_lr1em05_full_n200_frozen_s20261015,78.5779132424798,70.39159487621039,73.36528924225576,0.8393533702782175
moirai2,vendor_covariate,20261015,test,moirai2_vendor_covariate_d7_lr1em05_full_n200_frozen_s20261015,83.62943643061621,74.27726030095906,78.57519835470906,0.8604543624035363
moirai2,vendor_covariate,20261016,calibration,moirai2_vendor_covariate_d7_lr1em05_full_n200_frozen_s20261016,80.80101775147556,72.4819508895971,74.47979993676357,0.8408471876649325
moirai2,vendor_covariate,20261016,test,moirai2_vendor_covariate_d7_lr1em05_full_n200_frozen_s20261016,88.30410084193727,78.44365569053487,81.40695132998374,0.8586515228141155
moirai2,vendor_covariate,20261017,calibration,moirai2_vendor_covariate_d7_lr1em05_full_n200_frozen_s20261017,82.99309929764695,74.32716830163925,76.50096549526164,0.830147779537058
moirai2,vendor_covariate,20261017,test,moirai2_vendor_covariate_d7_lr1em05_full_n200_frozen_s20261017,91.19044081756442,80.99593823083191,84.03477851805317,0.8432173428485802
moirai2,vendor_covariate,20261018,calibration,moirai2_vendor_covariate_d7_lr1em05_full_n200_frozen_s20261018,81.7624372296071,73.12796485351517,76.08770801845358,0.8633934630174169
moirai2,vendor_covariate,20261018,test,moirai2_vendor_covariate_d7_lr1em05_full_n200_frozen_s20261018,87.3368049638544,77.54725637631518,81.14085622709439,0.8794591012961714
moirai2,vendor_covariate,20261019,calibration,moirai2_vendor_covariate_d7_lr1em05_full_n200_frozen_s20261019,80.42450610208464,72.0849670969026,75.59865003321926,0.8898886941114378
moirai2,vendor_covariate,20261019,test,moirai2_vendor_covariate_d7_lr1em05_full_n200_frozen_s20261019,87.95911460197141,77.98158193003815,81.93949796292172,0.9003954540346145
moirai2,vendor_covariate,20261020,calibration,moirai2_vendor_covariate_d7_lr1em05_full_n200_frozen_s20261020,81.05734977965446,72.55406355962069,75.63400691630756,0.8348412877931086
moirai2,vendor_covariate,20261020,test,moirai2_vendor_covariate_d7_lr1em05_full_n200_frozen_s20261020,84.37738901799091,75.01823730664789,79.77841937577007,0.8488073162508429
moirai2,vendor_covariate,20261021,calibration,moirai2_vendor_covariate_d7_lr1em05_full_n200_frozen_s20261021,83.75691416170925,75.13677187302355,77.0770492868679,0.8472489255824475
moirai2,vendor_covariate,20261021,test,moirai2_vendor_covariate_d7_lr1em05_full_n200_frozen_s20261021,93.99203960938104,83.3167767387317,86.18996709137014,0.8617912733198472
moirai2,vendor_covariate,20261022,calibration,moirai2_vendor_covariate_d7_lr1em05_full_n200_frozen_s20261022,79.35517506409096,71.18960153534734,74.19593054027712,0.8509787566915479
moirai2,vendor_covariate,20261022,test,moirai2_vendor_covariate_d7_lr1em05_full_n200_frozen_s20261022,88.03767140613107,78.07413606690815,81.87875538306166,0.8618732205739117
moirai2,vendor_covariate,20261023,calibration,moirai2_vendor_covariate_d7_lr1em05_full_n200_frozen_s20261023,82.67822820210826,73.89506476095922,77.97286436910242,0.9302995174545728
moirai2,vendor_covariate,20261023,test,moirai2_vendor_covariate_d7_lr1em05_full_n200_frozen_s20261023,84.84157503144647,75.37780798965314,80.65187996652715,0.9351797220349142
moirai2,vendor_covariate,20261024,calibration,moirai2_vendor_covariate_d7_lr1em05_full_n200_frozen_s20261024,83.54214317200086,74.7374014049752,77.4810928735939,0.8479345736258765
moirai2,vendor_covariate,20261024,test,moirai2_vendor_covariate_d7_lr1em05_full_n200_frozen_s20261024,88.97000837634866,79.06893609515214,82.5937309950616,0.8630251648310482
moirai2,vendor_covariate,20261025,calibration,moirai2_vendor_covariate_d7_lr1em05_full_n200_frozen_s20261025,81.88831840583292,73.23179082390698,76.80560076542122,0.8946835180577547
moirai2,vendor_covariate,20261025,test,moirai2_vendor_covariate_d7_lr1em05_full_n200_frozen_s20261025,86.65941321149944,76.86641179811882,81.87809022241785,0.90664334681951
moirai2,vendor_covariate,20261026,calibration,moirai2_vendor_covariate_d7_lr1em05_full_n200_frozen_s20261026,85.44422829100482,76.70713112864931,78.36726983840661,0.8665224685214507
moirai2,vendor_covariate,20261026,test,moirai2_vendor_covariate_d7_lr1em05_full_n200_frozen_s20261026,96.17183969643452,85.38020624553366,87.33874682311885,0.8739592698733798
moirai2,vendor_covariate,20261027,calibration,moirai2_vendor_covariate_d7_lr1em05_full_n200_frozen_s20261027,77.97085810116205,70.01212404728392,73.64792433395876,0.8737630061072156
moirai2,vendor_covariate,20261027,test,moirai2_vendor_covariate_d7_lr1em05_full_n200_frozen_s20261027,88.89865931258588,78.7705634196352,82.5214676277002,0.8865405147224096
moirai2,vendor_covariate,20261028,calibration,moirai2_vendor_covariate_d7_lr1em05_full_n200_frozen_s20261028,80.83628909657075,72.30693505393377,75.2131207418114,0.8741117205760386
moirai2,vendor_covariate,20261028,test,moirai2_vendor_covariate_d7_lr1em05_full_n200_frozen_s20261028,87.09837033797272,77.22106446044363,80.86227495807022,0.8893618416123473
moirai2,vendor_covariate,20261029,calibration,moirai2_vendor_covariate_d7_lr1em05_full_n200_frozen_s20261029,83.12274165922666,74.18892889262565,78.01079825096319,0.9227102653999849
moirai2,vendor_covariate,20261029,test,moirai2_vendor_covariate_d7_lr1em05_full_n200_frozen_s20261029,84.90633413676863,75.31253891240469,80.70956102437773,0.9288768075222896
moirai2,vendor_covariate,20261030,calibration,moirai2_vendor_covariate_d7_lr1em05_full_n200_frozen_s20261030,83.23847469738425,74.55648795708912,77.68983834105337,0.8179898967051195
moirai2,vendor_covariate,20261030,test,moirai2_vendor_covariate_d7_lr1em05_full_n200_frozen_s20261030,89.28296436039525,79.30671302569512,82.8369046474418,0.8333017251067656
moirai2,vendor_covariate,20261031,calibration,moirai2_vendor_covariate_d7_lr1em05_full_n200_frozen_s20261031,79.27798366465538,70.94698540854924,74.22407916286708,0.8606767888109779
moirai2,vendor_covariate,20261031,test,moirai2_vendor_covariate_d7_lr1em05_full_n200_frozen_s20261031,84.61062758552747,75.09784738486266,79.33610089015427,0.8792530624859519
moirai2,vendor_covariate,20261032,calibration,moirai2_vendor_covariate_d7_lr1em05_full_n200_frozen_s20261032,82.24714054395675,73.58426992005784,76.77444701797165,0.817945129307095
moirai2,vendor_covariate,20261032,test,moirai2_vendor_covariate_d7_lr1em05_full_n200_frozen_s20261032,86.4529466645324,76.71927010962663,80.98875488463197,0.837778386528808
