seed,target_mode,variant,partition,identifier,best_step,vendor_mae_kwh,baseline_64_mae_kwh,pooled_median_mae_kwh,equal_system_median_mae_kwh,weighted_interval_score_kwh,central_90_interval_coverage,improvement_over_64_kwh,improvement_over_vendor_kwh,direct_96_mae_kwh,paired_improvement_over_direct_96_kwh
20261001,direct,target_only,calibration,moirai2_direct_target_only_h96_s20261001,150,74.7559307169525,76.9461413296144,74.33765563307446,66.76953836164235,69.18973238469093,0.8819601523034004,2.608485696539944,0.4182750838780436,74.33765563307446,0.0
20261001,direct,target_only,test,moirai2_direct_target_only_h96_s20261001,150,71.33744083130635,88.27192076311218,86.6984476234361,76.66641124403142,79.24097118002302,0.8940082509178092,1.5734731396760822,-15.361006792129743,86.6984476234361,0.0
20261001,direct,vendor_covariate,calibration,moirai2_direct_vendor_covariate_h96_s20261001,150,74.7559307169525,79.58560717670649,74.0700841070166,66.40548633513545,69.78788062371558,0.9077273241348112,5.515523069689891,0.6858466099359077,74.0700841070166,0.0
20261001,direct,vendor_covariate,test,moirai2_direct_vendor_covariate_h96_s20261001,150,71.33744083130635,86.24287541243784,84.29420006262902,74.49044327720219,77.71786361487538,0.9262018150146101,1.9486753498088234,-12.956759231322664,84.29420006262902,0.0
20261001,vendor_residual,target_only,calibration,moirai2_vendor_residual_target_only_h96_s20261001,200,74.7559307169525,76.9461413296144,50.252767389925594,46.14294461273074,48.76278735760821,0.8794578903717107,26.69337393968881,24.50316332702691,74.33765563307446,24.084888243148868
20261001,vendor_residual,target_only,test,moirai2_vendor_residual_target_only_h96_s20261001,200,71.33744083130635,88.27192076311218,69.84462619880009,61.561873384566326,66.53498898322853,0.8714118809470293,18.427294564312092,1.492814632506267,86.6984476234361,16.85382142463601
20261001,vendor_residual,vendor_covariate,calibration,moirai2_vendor_residual_vendor_covariate_h96_s20261001,200,74.7559307169525,79.58560717670649,54.180116403654225,49.435390249440054,51.70678314071609,0.8839322739953254,25.405490773052264,20.57581431329828,74.0700841070166,19.889967703362373
20261001,vendor_residual,vendor_covariate,test,moirai2_vendor_residual_vendor_covariate_h96_s20261001,200,71.33744083130635,86.24287541243784,67.24273218028651,59.45449756603701,65.8719539071321,0.8848723027646662,19.00014323215133,4.094708651019843,84.29420006262902,17.051467882342507
20261002,direct,target_only,calibration,moirai2_direct_target_only_h96_s20261002,200,74.7559307169525,76.40921498735858,68.7160800590518,62.074173179959715,64.65993735101102,0.8801246889843927,7.693134928306776,6.0398506579007005,68.7160800590518,0.0
20261002,direct,target_only,test,moirai2_direct_target_only_h96_s20261002,200,71.33744083130635,89.43770395102196,84.77062175925637,75.13920411900583,77.77928277683687,0.8859973214954672,4.667082191765587,-13.43318092795002,84.77062175925637,0.0
20261002,direct,vendor_covariate,calibration,moirai2_direct_vendor_covariate_h96_s20261002,200,74.7559307169525,81.87289594508958,73.05177697830857,65.46068160570304,68.28377406827151,0.8926807660408655,8.821118966781015,1.7041537386439387,73.05177697830857,0.0
20261002,direct,vendor_covariate,test,moirai2_direct_vendor_covariate_h96_s20261002,200,71.33744083130635,85.05771250396994,82.29255357364411,72.86529903301833,76.29677827609173,0.914491552408781,2.765158930325825,-10.95511274233776,82.29255357364411,0.0
20261002,vendor_residual,target_only,calibration,moirai2_vendor_residual_target_only_h96_s20261002,200,74.7559307169525,76.40921498735858,50.6331358576257,46.425709398041484,48.74069702429686,0.8644066199200784,25.776079129732878,24.122794859326802,68.7160800590518,18.082944201426102
20261002,vendor_residual,target_only,test,moirai2_vendor_residual_target_only_h96_s20261002,200,71.33744083130635,89.43770395102196,69.6728991347918,61.406228219062804,66.08592804249618,0.8561790570914812,19.764804816230154,1.6645416965145472,84.77062175925637,15.097722624464566
20261002,vendor_residual,vendor_covariate,calibration,moirai2_vendor_residual_vendor_covariate_h96_s20261002,200,74.7559307169525,81.87289594508958,54.17563879948183,49.38548990478031,51.677022869061425,0.8848064163462264,27.69725714560775,20.580291917470674,73.05177697830857,18.876138178826736
20261002,vendor_residual,vendor_covariate,test,moirai2_vendor_residual_vendor_covariate_h96_s20261002,200,71.33744083130635,85.05771250396994,66.7415455429131,59.009968551298336,64.92356562378701,0.887657338727804,18.316166961056837,4.595895288393251,82.29255357364411,15.551008030731012
20261003,direct,target_only,calibration,moirai2_direct_target_only_h96_s20261003,200,74.7559307169525,78.35619757567454,72.63933248440564,65.50103239184132,67.76314013756212,0.8722644763628138,5.7168650912689,2.1165982325468633,72.63933248440564,0.0
20261003,direct,target_only,test,moirai2_direct_target_only_h96_s20261003,200,71.33744083130635,87.94658914899723,88.3153089012659,78.23667369210668,80.68873611012236,0.8806637259309208,-0.3687197522686603,-16.97786806995954,88.3153089012659,0.0
20261003,direct,vendor_covariate,calibration,moirai2_direct_vendor_covariate_h96_s20261003,200,74.7559307169525,82.64919971193994,74.43840743441808,66.7782366297416,69.35982838000992,0.9049305398476966,8.210792277521861,0.31752328253442386,74.43840743441808,0.0
20261003,direct,vendor_covariate,test,moirai2_direct_vendor_covariate_h96_s20261003,200,71.33744083130635,83.76659466050671,85.16111027561568,75.39680366086209,78.41368266029447,0.92380544317075,-1.394515615108972,-13.823669444309331,85.16111027561568,0.0
20261003,vendor_residual,target_only,calibration,moirai2_vendor_residual_target_only_h96_s20261003,200,74.7559307169525,78.35619757567454,52.33930748440132,47.87453698914893,49.76356132687462,0.8708908240971123,26.016890091273225,22.41662323255119,72.63933248440564,20.300025000004325
20261003,vendor_residual,target_only,test,moirai2_vendor_residual_target_only_h96_s20261003,200,71.33744083130635,87.94658914899723,71.2619693537328,62.76722781630777,67.30554013011879,0.8629221454259384,16.68461979526444,0.07547147757355788,88.3153089012659,17.0533395475331
20261003,vendor_residual,vendor_covariate,calibration,moirai2_vendor_residual_vendor_covariate_h96_s20261003,150,74.7559307169525,82.64919971193994,54.919115320835346,50.138660684751244,52.75802843353536,0.8768283947824775,27.730084391104597,19.83681539611716,74.43840743441808,19.519292113582736
20261003,vendor_residual,vendor_covariate,test,moirai2_vendor_residual_vendor_covariate_h96_s20261003,150,71.33744083130635,83.76659466050671,68.33317973701915,60.41155829418104,66.76706804217086,0.8894847624934442,15.433414923487561,3.0042610942872017,85.16111027561568,16.827930538596533
20261004,direct,target_only,calibration,moirai2_direct_target_only_h96_s20261004,200,74.7559307169525,75.57139370609421,69.77549002742032,63.122058661583054,65.64912745851542,0.886623030234487,5.795903678673895,4.9804406895321875,69.77549002742032,0.0
20261004,direct,target_only,test,moirai2_direct_target_only_h96_s20261004,200,71.33744083130635,88.82693285238624,87.05793907943085,77.12835502127969,79.42739903531319,0.89366290177568,1.7689937729553833,-15.7204982481245,87.05793907943085,0.0
20261004,direct,vendor_covariate,calibration,moirai2_direct_vendor_covariate_h96_s20261004,200,74.7559307169525,78.2935305753828,69.70244296556348,62.808076097543875,66.22729448867693,0.9014269019075624,8.591087609819326,5.053487751389028,69.70244296556348,0.0
20261004,direct,vendor_covariate,test,moirai2_direct_vendor_covariate_h96_s20261004,200,71.33744083130635,89.34478229392607,84.17153429486008,74.46786679124082,77.4529872978759,0.9177589064958418,5.1732479990659925,-12.834093463553728,84.17153429486008,0.0
20261004,vendor_residual,target_only,calibration,moirai2_vendor_residual_target_only_h96_s20261004,200,74.7559307169525,75.57139370609421,50.33555683536729,46.16781714148376,48.56267971110596,0.8713314295408279,25.23583687072692,24.420373881585213,69.77549002742032,19.439933192053026
20261004,vendor_residual,target_only,test,moirai2_vendor_residual_target_only_h96_s20261004,200,71.33744083130635,88.82693285238624,69.44753192303774,61.205173767368066,65.95884222449332,0.8613698302989435,19.379400929348492,1.889908908268609,87.05793907943085,17.61040715639311
20261004,vendor_residual,vendor_covariate,calibration,moirai2_vendor_residual_vendor_covariate_h96_s20261004,200,74.7559307169525,78.2935305753828,53.461995967167795,48.87298417032553,51.49750575014728,0.9004538000452387,24.83153460821501,21.29393474978471,69.70244296556348,16.240446998395683
20261004,vendor_residual,vendor_covariate,test,moirai2_vendor_residual_vendor_covariate_h96_s20261004,200,71.33744083130635,89.34478229392607,67.89353953486092,59.99351026612835,66.88608643380194,0.9058788960065932,21.451242759065153,3.443901296445432,84.17153429486008,16.27799475999916
20261005,direct,target_only,calibration,moirai2_direct_target_only_h96_s20261005,200,74.7559307169525,77.5559737763071,72.16626191448516,65.30150871993219,67.60944129465089,0.8641615773203649,5.389711861821937,2.5896688024673438,72.16626191448516,0.0
20261005,direct,target_only,test,moirai2_direct_target_only_h96_s20261005,200,71.33744083130635,90.77798804767782,90.98735424738935,80.75456101552295,82.76604463025953,0.8719691222746685,-0.20936619971152481,-19.649913416082995,90.98735424738935,0.0
20261005,direct,vendor_covariate,calibration,moirai2_direct_vendor_covariate_h96_s20261005,200,74.7559307169525,81.96421740959128,73.78505230148502,66.37189351936031,68.80172608154395,0.91031912086255,8.179165108106261,0.9708784154674817,73.78505230148502,0.0
20261005,direct,vendor_covariate,test,moirai2_direct_vendor_covariate_h96_s20261005,200,71.33744083130635,87.2183442306992,87.37073510716934,77.44829753839198,80.31301935587292,0.92491290177568,-0.15239087647013605,-16.033294275862986,87.37073510716934,0.0
20261005,vendor_residual,target_only,calibration,moirai2_vendor_residual_target_only_h96_s20261005,200,74.7559307169525,77.5559737763071,51.01524826348156,46.75027288423333,49.08830761277404,0.863600806755636,26.54072551282554,23.740682453470946,72.16626191448516,21.151013651003602
20261005,vendor_residual,target_only,test,moirai2_vendor_residual_target_only_h96_s20261005,200,71.33744083130635,90.77798804767782,70.23320395691636,61.87675201663618,66.63602467315867,0.8524434329811943,20.544784090761468,1.104236874389997,90.98735424738935,20.754150290472992
20261005,vendor_residual,vendor_covariate,calibration,moirai2_vendor_residual_vendor_covariate_h96_s20261005,200,74.7559307169525,81.96421740959128,54.882344389469374,50.01799523570386,52.417334219763205,0.8914649777576718,27.08187302012191,19.87358632748313,73.78505230148502,18.90270791201565
20261005,vendor_residual,vendor_covariate,test,moirai2_vendor_residual_vendor_covariate_h96_s20261005,200,71.33744083130635,87.2183442306992,67.9461664529477,60.051598876385974,66.79218423222571,0.8955629073949202,19.27217777775151,3.391274378358659,87.37073510716934,19.424568654221645
20261006,direct,target_only,calibration,moirai2_direct_target_only_h96_s20261006,200,74.7559307169525,74.69852554734285,71.3809216275873,64.34745276127495,66.46931518473178,0.8607710359647138,3.3176039197555554,3.375009089365207,71.3809216275873,0.0
20261006,direct,target_only,test,moirai2_direct_target_only_h96_s20261006,200,71.33744083130635,85.47546808394615,86.7332047308149,76.80036793708241,79.20820092620654,0.8692929590919307,-1.25773664686875,-15.395763899508552,86.7332047308149,0.0
20261006,direct,vendor_covariate,calibration,moirai2_direct_vendor_covariate_h96_s20261006,200,74.7559307169525,78.72255357823586,71.62294751790749,64.35232973110729,67.5010889679609,0.8996927542788208,7.0996060603283695,3.1329831990450145,71.62294751790749,0.0
20261006,direct,vendor_covariate,test,moirai2_direct_vendor_covariate_h96_s20261006,200,71.33744083130635,85.55824570933905,83.71759527389231,74.06134455464493,77.14360552031391,0.9204409230538698,1.840650435446733,-12.380154442585962,83.71759527389231,0.0
20261006,vendor_residual,target_only,calibration,moirai2_vendor_residual_target_only_h96_s20261006,200,74.7559307169525,74.69852554734285,50.88926469725641,46.64270293364861,48.93945960517469,0.8687231395611853,23.809260850086446,23.866666019696098,71.3809216275873,20.49165693033089
20261006,vendor_residual,target_only,test,moirai2_vendor_residual_target_only_h96_s20261006,200,71.33744083130635,85.47546808394615,70.85083425433383,62.412896045920476,67.19529624331994,0.8573110998726305,14.624633829612321,0.48660657697251963,86.7332047308149,15.882370476481071
20261006,vendor_residual,vendor_covariate,calibration,moirai2_vendor_residual_vendor_covariate_h96_s20261006,200,74.7559307169525,78.72255357823586,54.17145515929611,49.3882859838351,52.131867029964916,0.8903292995551534,24.551098418939752,20.584475557656397,71.62294751790749,17.451492358611382
20261006,vendor_residual,vendor_covariate,test,moirai2_vendor_residual_vendor_covariate_h96_s20261006,200,71.33744083130635,85.55824570933905,67.06332038810991,59.28602999567042,66.47615110054564,0.8930623454708924,18.494925321229132,4.274120443196438,83.71759527389231,16.6542748857824
20261007,direct,target_only,calibration,moirai2_direct_target_only_h96_s20261007,200,74.7559307169525,75.11223372522242,69.82141964152571,62.95914867932758,65.32521213986085,0.8781737729020583,5.290814083696716,4.934511075426798,69.82141964152571,0.0
20261007,direct,target_only,test,moirai2_direct_target_only_h96_s20261007,200,71.33744083130635,86.94879535004115,84.38259801096565,74.81681873211387,77.17041222010924,0.8863227691616093,2.566197339075501,-13.045157179659299,84.38259801096565,0.0
20261007,direct,vendor_covariate,calibration,moirai2_direct_vendor_covariate_h96_s20261007,200,74.7559307169525,80.06224937491689,72.94794059562138,65.46286939604134,68.05454895545178,0.9106301364698786,7.114308779295513,1.8079901213311302,72.94794059562138,0.0
20261007,direct,vendor_covariate,test,moirai2_direct_vendor_covariate_h96_s20261007,200,71.33744083130635,88.81501474290683,83.61642358581607,74.10773251655866,76.8105376433189,0.9255193114557578,5.19859115709076,-12.278982754509713,83.61642358581607,0.0
20261007,vendor_residual,target_only,calibration,moirai2_vendor_residual_target_only_h96_s20261007,200,74.7559307169525,75.11223372522242,50.91786069046522,46.633778608703565,48.58312442263192,0.8671068008746136,24.194373034757206,23.838070026487287,69.82141964152571,18.90355895106049
20261007,vendor_residual,target_only,test,moirai2_vendor_residual_target_only_h96_s20261007,200,71.33744083130635,86.94879535004115,68.89349724799627,60.74245676487174,65.20915325414413,0.8559355566794036,18.055298102044887,2.4439435833100873,84.38259801096565,15.489100762969386
20261007,vendor_residual,vendor_covariate,calibration,moirai2_vendor_residual_vendor_covariate_h96_s20261007,200,74.7559307169525,80.06224937491689,53.573965775653335,48.886395805908286,51.18497921391192,0.882725910427505,26.488283599263553,21.18196494129917,72.94794059562138,19.37397481996804
20261007,vendor_residual,vendor_covariate,test,moirai2_vendor_residual_vendor_covariate_h96_s20261007,200,71.33744083130635,88.81501474290683,66.92497547969776,59.157263901880015,65.65005652388643,0.8869842005694164,21.89003926320906,4.4124653516085885,83.61642358581607,16.6914481061183
20261008,direct,target_only,calibration,moirai2_direct_target_only_h96_s20261008,150,74.7559307169525,78.23781554057429,74.125858047297,66.5834740922004,69.37258888649919,0.9003925393953103,4.111957493277288,0.6300726696555046,74.125858047297,0.0
20261008,direct,target_only,test,moirai2_direct_target_only_h96_s20261008,150,71.33744083130635,93.52986494285332,83.72151223906687,74.24347300397618,77.12625920566927,0.9125107702105342,9.808352703786454,-12.384071407760516,83.72151223906687,0.0
20261008,direct,vendor_covariate,calibration,moirai2_direct_vendor_covariate_h96_s20261008,150,74.7559307169525,80.44649075226612,73.14363253731734,65.585042687871,69.52193251682692,0.9197650418457363,7.30285821494877,1.612298179635161,73.14363253731734,0.0
20261008,direct,vendor_covariate,test,moirai2_direct_vendor_covariate_h96_s20261008,150,71.33744083130635,87.59511073899877,80.39083990122576,71.25464868338777,75.42627317055947,0.9337725706151195,7.204270837773009,-9.053399069919408,80.39083990122576,0.0
20261008,vendor_residual,target_only,calibration,moirai2_vendor_residual_target_only_h96_s20261008,200,74.7559307169525,78.23781554057429,51.49039356231151,47.18430740627232,49.20575358582206,0.8751295898363869,26.74742197826278,23.265537154640995,74.125858047297,22.63546448498549
20261008,vendor_residual,target_only,test,moirai2_vendor_residual_target_only_h96_s20261008,200,71.33744083130635,93.52986494285332,70.30656497918552,61.95286962197736,66.36169014246795,0.8638341012961714,23.2232999636678,1.030875852120829,83.72151223906687,13.414947259881345
20261008,vendor_residual,vendor_covariate,calibration,moirai2_vendor_residual_vendor_covariate_h96_s20261008,200,74.7559307169525,80.44649075226612,53.38573217128005,48.788769668944774,51.185527543572455,0.8951571100052779,27.060758580986068,21.37019854567246,73.14363253731734,19.757900366037298
20261008,vendor_residual,vendor_covariate,test,moirai2_vendor_residual_vendor_covariate_h96_s20261008,200,71.33744083130635,87.59511073899877,67.06176146725143,59.294640132091885,65.43468823684044,0.8933983292125571,20.53334927174734,4.275679364054923,80.39083990122576,13.329078433974331
