partition,target_mode,variant,first_step,last_step,mean_mae_kwh,baseline_64_mae_kwh,vendor_mae_kwh
calibration,direct,target_only,1,32,4.541952860848649,4.540668355033221,18.80286053529856
calibration,direct,target_only,33,64,185.4740219855386,193.94586427288203,165.85092718322778
calibration,direct,target_only,65,96,24.845157441680517,31.34627844265537,39.61400443233116
calibration,direct,vendor_covariate,1,32,4.891507222678103,4.959053279207849,18.80286053529856
calibration,direct,vendor_covariate,33,64,188.64179224911794,195.2786473223346,165.85092718322778
calibration,direct,vendor_covariate,65,96,25.002557192318175,41.1110785950059,39.61400443233116
calibration,vendor_residual,target_only,1,32,5.422958860207492,4.540668355033221,18.80286053529856
calibration,vendor_residual,target_only,33,64,125.57858873912201,193.94586427288203,165.85092718322778
calibration,vendor_residual,target_only,65,96,21.951027943483467,31.34627844265537,39.61400443233116
calibration,vendor_residual,vendor_covariate,1,32,6.3077997648180695,4.959053279207849,18.80286053529856
calibration,vendor_residual,vendor_covariate,33,64,132.00190584269993,195.2786473223346,165.85092718322778
calibration,vendor_residual,vendor_covariate,65,96,23.971680887546277,41.1110785950059,39.61400443233116
test,direct,target_only,1,32,6.684201624481007,6.3884989897856235,12.51925589989879
test,direct,target_only,33,64,210.9041195239651,212.77689531964643,158.08172838968548
test,direct,target_only,65,96,42.16179882341362,47.54032936808154,43.41133820433478
test,direct,vendor_covariate,1,32,6.637854495375714,6.2838316040676325,12.51925589989879
test,direct,vendor_covariate,33,64,203.70127793627103,199.48717316535934,158.08172838968548
test,direct,vendor_covariate,65,96,41.29148959642286,54.32850034036722,43.41133820433478
test,vendor_residual,target_only,1,32,6.684174371992712,6.3884989897856235,12.51925589989879
test,vendor_residual,target_only,33,64,165.31116799669087,212.77689531964643,158.08172838968548
test,vendor_residual,target_only,65,96,38.19633027461432,47.54032936808154,43.41133820433478
test,vendor_residual,vendor_covariate,1,32,5.877575532075456,6.2838316040676325,12.51925589989879
test,vendor_residual,vendor_covariate,33,64,158.06460936653608,199.48717316535934,158.08172838968548
test,vendor_residual,vendor_covariate,65,96,38.260522895045916,54.32850034036722,43.41133820433478
